-- phpMyAdmin SQL Dump
-- version 4.5.1
-- http://www.phpmyadmin.net
--
-- Servidor: 127.0.0.1
-- Tiempo de generación: 22-02-2017 a las 15:40:11
-- Versión del servidor: 10.1.16-MariaDB
-- Versión de PHP: 7.0.9

SET SQL_MODE = "NO_AUTO_VALUE_ON_ZERO";
SET time_zone = "+00:00";


/*!40101 SET @OLD_CHARACTER_SET_CLIENT=@@CHARACTER_SET_CLIENT */;
/*!40101 SET @OLD_CHARACTER_SET_RESULTS=@@CHARACTER_SET_RESULTS */;
/*!40101 SET @OLD_COLLATION_CONNECTION=@@COLLATION_CONNECTION */;
/*!40101 SET NAMES utf8mb4 */;

--
-- Base de datos: `tienda_uniformes`
--

--
-- Volcado de datos para la tabla `migrations`
--

INSERT INTO `migrations` (`id`, `migration`, `batch`) VALUES
(117, '2014_02_10_122018_create_privilegio_table', 1),
(118, '2014_10_12_000000_create_users_table', 1),
(119, '2017_02_11_124444_create_facturas_table', 1),
(120, '2017_02_11_124649_create_pagos_table', 1),
(121, '2017_02_11_130348_create_tiposp_table', 1),
(122, '2017_02_11_132948_create_productos_table', 1),
(123, '2017_02_11_133808_create_carrito_table', 1),
(124, '2017_02_11_140134_create_direcciones_table', 1),
(125, '2017_02_11_140604_create_procomp_table', 1),
(126, '2017_02_15_132434_create_proveedores_table', 1),
(127, '2017_02_15_132435_create_materia_prima_table', 1),
(128, '2017_02_15_133243_create_pedido_table', 1),
(129, '2017_02_15_145149_create_inventario_table', 1),
(130, '2017_02_22_021144_drop_envios_perdidos_table', 1),
(131, '2017_02_22_021145_drop_envios_recibidos_table', 1),
(132, '2017_02_22_021146_drop_envios_asignados_table', 1),
(133, '2017_02_22_021147_drop_solicitudes_envio_rechazadas_table', 1),
(134, '2017_02_22_021148_drop_solicitudes_envio_table', 1),
(135, '2017_02_22_021225_drop_conductores_table', 1),
(136, '2017_02_22_022259_drop_unidades_transporte_table', 1),
(137, '2017_02_22_025406_create_solicitudes_envio_table', 1),
(138, '2017_02_22_025438_create_conductores_table', 1),
(139, '2017_02_22_025454_create_unidades_transporte_table', 1),
(140, '2017_02_22_025523_create_solicitudes_envio_rechazadas_table', 1),
(141, '2017_02_22_025551_create_solicitudes_envio_aceptadas_table', 1),
(142, '2017_02_22_025638_create_envios_extraviados_table', 1),
(143, '2017_02_22_025653_create_envios_retornados_table', 1),
(144, '2017_02_22_025708_create_envios_entregados_table', 1),
(145, '2017_02_22_025732_create_rutas_transporte_table', 1);

--
-- Volcado de datos para la tabla `privilegios`
--

INSERT INTO `privilegios` (`id`, `privilegio`) VALUES
(1, 'comprador'),
(2, 'moderador');

--
-- Volcado de datos para la tabla `tipo_productos`
--

INSERT INTO `tipo_productos` (`id`, `nombre_producto`, `created_at`, `updated_at`) VALUES
(1, 'camisetas', NULL, NULL),
(2, 'pantalones', NULL, NULL),
(3, 'zapatos', NULL, NULL),
(4, 'franelas', NULL, NULL);

--
-- Volcado de datos para la tabla `usuarios`
--

INSERT INTO `usuarios` (`id`, `nombre`, `apellido`, `cedula`, `id_privilegio`, `email`, `password`, `created_at`, `updated_at`) VALUES
(3, 'A', 'B', '22', 1, 'gasda@gmail.com', 'sadasd', NULL, NULL),
(4, 'sada', 'jhgjk', 'sadas', 2, 'hjgf@gsdfsd.com', 'dfsaofhsdfl', NULL, NULL),
(5, 'yutyutr', 'gfhdfhd', '45646512', 1, 'dsfgdgsd@gmailc.om', 'sdafsdfas', NULL, NULL),
(6, 'dfgfhjg', 'gdfgsdf', 'sdafsdfd', 1, 'dfsfdsfd@gmail.com', 'asdfasdfasdf', NULL, NULL);

--
-- Volcado de datos para la tabla `productos`
--

INSERT INTO `productos` (`id`, `id_tipo`, `descripcion`, `disponibles`, `precio`, `foto`, `created_at`, `updated_at`) VALUES
(1, 1, 'Camisetas rosadas', 100, '10.000', 0xffd8ffe000104a46494600010101006000600000ffdb0043000201010201010202020202020202030503030303030604040305070607070706070708090b0908080a0807070a0d0a0a0b0c0c0c0c07090e0f0d0c0e0b0c0c0cffdb004301020202030303060303060c0807080c0c0c0c0c0c0c0c0c0c0c0c0c0c0c0c0c0c0c0c0c0c0c0c0c0c0c0c0c0c0c0c0c0c0c0c0c0c0c0c0c0c0c0c0c0c0c0c0c0cffc00011080032005003012200021101031101ffc4001f0000010501010101010100000000000000000102030405060708090a0bffc400b5100002010303020403050504040000017d01020300041105122131410613516107227114328191a1082342b1c11552d1f02433627282090a161718191a25262728292a3435363738393a434445464748494a535455565758595a636465666768696a737475767778797a838485868788898a92939495969798999aa2a3a4a5a6a7a8a9aab2b3b4b5b6b7b8b9bac2c3c4c5c6c7c8c9cad2d3d4d5d6d7d8d9dae1e2e3e4e5e6e7e8e9eaf1f2f3f4f5f6f7f8f9faffc4001f0100030101010101010101010000000000000102030405060708090a0bffc400b51100020102040403040705040400010277000102031104052131061241510761711322328108144291a1b1c109233352f0156272d10a162434e125f11718191a262728292a35363738393a434445464748494a535455565758595a636465666768696a737475767778797a82838485868788898a92939495969798999aa2a3a4a5a6a7a8a9aab2b3b4b5b6b7b8b9bac2c3c4c5c6c7c8c9cad2d3d4d5d6d7d8d9dae2e3e4e5e6e7e8e9eaf2f3f4f5f6f7f8f9faffda000c03010002110311003f00fdfca28a2800a28a2800a28a2800a28a2800a28a2800a28a2800afcf7ff82cee83fb61fc26f8a1f0fbe38fecc9ab5e78cb43f045bc969e2af85bb55a1d7a167676ba58f879e428447b50f9b1ec8da20dba407f4228a00f8aff00e093bff05c9f84ff00f054ff000e0d2ec25ff841fe2ce9b1b9d67c0baadc7fa75b18c90f25bbb2a7da6218e4aa874e8e89919f35ff0082b17fc16f7c4ffb31fed39e10fd9c3f672f02e99f17bf68af15ca924ba45e48c2c74685a2f3d566db245fbd78034bf34b1a4510f31db6900f847fc1d2dfb277c1ff00801f0c743fda8f43d7b51f843f1ff46d721b7d0757f0c59a8b9f155e98de458ee555e3dac89139374492a80a32ca1a341f2cff00c1b6ff00b567837e09ff00c14575a87f699f0c78b2c3f692f8e2d6f7de18f1c78ab715bc87508e3782da289e30d0c97658ec9d58ac8a6385447822400fe873e14ea9e21d73e17786af7c5da5d9e87e2cbcd2ad67d6b4db4b9fb55be9f7ad0ab4f0472f1e6224a5d43ff10507bd6fd145001451450014514500158bf122d75fbff877afc1e15bbd3ac3c51369d711e8f75a842d35a5b5e18984124c8a433c6b26d2ca082541008adaa2803f19ff0066ff00f835a7c53f1c7e3b2fc58fdb7be33dff00c66f154177e745a0691793cda5491a4be62452dcdcc6921b63961f6582181538c48412b5facfe34fd9e3c01f123e22787fc61e22f03783b5ff0016f84ceed135bd4745b6bad474639dd9b6b8910c909cf3f230e79aec68a0028a28a0028a28a0028a28a0028a28a0028a28a0028a28a0028a28a00fffd9, NULL, NULL),
(2, 1, 'Camisetas rojas', 201, '52.000', 0xffd8ffe000104a46494600010101006000600000ffdb0043000201010201010202020202020202030503030303030604040305070607070706070708090b0908080a0807070a0d0a0a0b0c0c0c0c07090e0f0d0c0e0b0c0c0cffdb004301020202030303060303060c0807080c0c0c0c0c0c0c0c0c0c0c0c0c0c0c0c0c0c0c0c0c0c0c0c0c0c0c0c0c0c0c0c0c0c0c0c0c0c0c0c0c0c0c0c0c0c0c0c0c0cffc00011080032005003012200021101031101ffc4001f0000010501010101010100000000000000000102030405060708090a0bffc400b5100002010303020403050504040000017d01020300041105122131410613516107227114328191a1082342b1c11552d1f02433627282090a161718191a25262728292a3435363738393a434445464748494a535455565758595a636465666768696a737475767778797a838485868788898a92939495969798999aa2a3a4a5a6a7a8a9aab2b3b4b5b6b7b8b9bac2c3c4c5c6c7c8c9cad2d3d4d5d6d7d8d9dae1e2e3e4e5e6e7e8e9eaf1f2f3f4f5f6f7f8f9faffc4001f0100030101010101010101010000000000000102030405060708090a0bffc400b51100020102040403040705040400010277000102031104052131061241510761711322328108144291a1b1c109233352f0156272d10a162434e125f11718191a262728292a35363738393a434445464748494a535455565758595a636465666768696a737475767778797a82838485868788898a92939495969798999aa2a3a4a5a6a7a8a9aab2b3b4b5b6b7b8b9bac2c3c4c5c6c7c8c9cad2d3d4d5d6d7d8d9dae2e3e4e5e6e7e8e9eaf2f3f4f5f6f7f8f9faffda000c03010002110311003f00fdfca28a2800a28a2800a28a2800a28a2800a28a2800a28a2800afcf7ff82cee83fb61fc26f8a1f0fbe38fecc9ab5e78cb43f045bc969e2af85bb55a1d7a167676ba58f879e428447b50f9b1ec8da20dba407f4228a00f8aff00e093bff05c9f84ff00f054ff000e0d2ec25ff841fe2ce9b1b9d67c0baadc7fa75b18c90f25bbb2a7da6218e4aa874e8e89919f35ff0082b17fc16f7c4ffb31fed39e10fd9c3f672f02e99f17bf68af15ca924ba45e48c2c74685a2f3d566db245fbd78034bf34b1a4510f31db6900f847fc1d2dfb277c1ff00801f0c743fda8f43d7b51f843f1ff46d721b7d0757f0c59a8b9f155e98de458ee555e3dac89139374492a80a32ca1a341f2cff00c1b6ff00b567837e09ff00c14575a87f699f0c78b2c3f692f8e2d6f7de18f1c78ab715bc87508e3782da289e30d0c97658ec9d58ac8a6385447822400fe873e14ea9e21d73e17786af7c5da5d9e87e2cbcd2ad67d6b4db4b9fb55be9f7ad0ab4f0472f1e6224a5d43ff10507bd6fd145001451450014514500158bf122d75fbff877afc1e15bbd3ac3c51369d711e8f75a842d35a5b5e18984124c8a433c6b26d2ca082541008adaa2803f19ff0066ff00f835a7c53f1c7e3b2fc58fdb7be33dff00c66f154177e745a0691793cda5491a4be62452dcdcc6921b63961f6582181538c48412b5facfe34fd9e3c01f123e22787fc61e22f03783b5ff0016f84ceed135bd4745b6bad474639dd9b6b8910c909cf3f230e79aec68a0028a28a0028a28a0028a28a0028a28a0028a28a0028a28a0028a28a00fffd9, NULL, NULL),
(3, 4, 'Pantalones negros', 66, '66.000', 0xffd8ffe000104a46494600010101006000600000ffdb0043000201010201010202020202020202030503030303030604040305070607070706070708090b0908080a0807070a0d0a0a0b0c0c0c0c07090e0f0d0c0e0b0c0c0cffdb004301020202030303060303060c0807080c0c0c0c0c0c0c0c0c0c0c0c0c0c0c0c0c0c0c0c0c0c0c0c0c0c0c0c0c0c0c0c0c0c0c0c0c0c0c0c0c0c0c0c0c0c0c0c0c0cffc00011080032005003012200021101031101ffc4001f0000010501010101010100000000000000000102030405060708090a0bffc400b5100002010303020403050504040000017d01020300041105122131410613516107227114328191a1082342b1c11552d1f02433627282090a161718191a25262728292a3435363738393a434445464748494a535455565758595a636465666768696a737475767778797a838485868788898a92939495969798999aa2a3a4a5a6a7a8a9aab2b3b4b5b6b7b8b9bac2c3c4c5c6c7c8c9cad2d3d4d5d6d7d8d9dae1e2e3e4e5e6e7e8e9eaf1f2f3f4f5f6f7f8f9faffc4001f0100030101010101010101010000000000000102030405060708090a0bffc400b51100020102040403040705040400010277000102031104052131061241510761711322328108144291a1b1c109233352f0156272d10a162434e125f11718191a262728292a35363738393a434445464748494a535455565758595a636465666768696a737475767778797a82838485868788898a92939495969798999aa2a3a4a5a6a7a8a9aab2b3b4b5b6b7b8b9bac2c3c4c5c6c7c8c9cad2d3d4d5d6d7d8d9dae2e3e4e5e6e7e8e9eaf2f3f4f5f6f7f8f9faffda000c03010002110311003f00fdfca28a2800a28a2800a28a2800a28a2800a28a2800a28a2800afcf7ff82cee83fb61fc26f8a1f0fbe38fecc9ab5e78cb43f045bc969e2af85bb55a1d7a167676ba58f879e428447b50f9b1ec8da20dba407f4228a00f8aff00e093bff05c9f84ff00f054ff000e0d2ec25ff841fe2ce9b1b9d67c0baadc7fa75b18c90f25bbb2a7da6218e4aa874e8e89919f35ff0082b17fc16f7c4ffb31fed39e10fd9c3f672f02e99f17bf68af15ca924ba45e48c2c74685a2f3d566db245fbd78034bf34b1a4510f31db6900f847fc1d2dfb277c1ff00801f0c743fda8f43d7b51f843f1ff46d721b7d0757f0c59a8b9f155e98de458ee555e3dac89139374492a80a32ca1a341f2cff00c1b6ff00b567837e09ff00c14575a87f699f0c78b2c3f692f8e2d6f7de18f1c78ab715bc87508e3782da289e30d0c97658ec9d58ac8a6385447822400fe873e14ea9e21d73e17786af7c5da5d9e87e2cbcd2ad67d6b4db4b9fb55be9f7ad0ab4f0472f1e6224a5d43ff10507bd6fd145001451450014514500158bf122d75fbff877afc1e15bbd3ac3c51369d711e8f75a842d35a5b5e18984124c8a433c6b26d2ca082541008adaa2803f19ff0066ff00f835a7c53f1c7e3b2fc58fdb7be33dff00c66f154177e745a0691793cda5491a4be62452dcdcc6921b63961f6582181538c48412b5facfe34fd9e3c01f123e22787fc61e22f03783b5ff0016f84ceed135bd4745b6bad474639dd9b6b8910c909cf3f230e79aec68a0028a28a0028a28a0028a28a0028a28a0028a28a0028a28a0028a28a00fffd9, NULL, NULL);

--
-- Volcado de datos para la tabla `producto_comprados`
--

--
-- Volcado de datos para la tabla `facturas`
--

INSERT INTO `facturas` (`id`, `id_usuario`, `created_at`, `updated_at`) VALUES
(1, 4, NULL, NULL),
(2, 3, NULL, NULL),
(3, 5, NULL, NULL),
(4, 6, NULL, NULL);

INSERT INTO `producto_comprados` (`id`, `id_factura`, `id_producto`, `cantidad`, `created_at`, `updated_at`) VALUES
(1, 1, 1, 10, NULL, NULL),
(2, 2, 1, 10, NULL, NULL),
(3, 1, 1, 200, NULL, NULL),
(4, 3, 2, 10, NULL, NULL);

/*!40101 SET CHARACTER_SET_CLIENT=@OLD_CHARACTER_SET_CLIENT */;
/*!40101 SET CHARACTER_SET_RESULTS=@OLD_CHARACTER_SET_RESULTS */;
/*!40101 SET COLLATION_CONNECTION=@OLD_COLLATION_CONNECTION */;
